Field,Total_cnt,Diff_cnt,Diff_pct,Up_cnt,Up_pct,Down_cnt,Down_pct,Matched,Mean_Base,Mean_Test,Standard_dev_Base,Standard_dev_Test,Change_standard_dev,Char_str_count_Base,Char_str_count_Test,Blank_Base,Blank_Test
time_ms,25000,24985,99.94,12998,51.992,11987,47.948,15,1960.77088,1492.59896,2032.285345236744,1391.0112588772968,641.2740863594472,0,0,0,0
seq,25000,0,0.0,0,0.0,0,0.0,25000,251950.53996,251950.53996,167436.84420599532,167436.84420599532,0.0,0,0,0,0
accountnumber,25000,0,0.0,0,0.0,0,0.0,25000,251950.53996,251950.53996,167436.84420599532,167436.84420599532,0.0,0,0,0,0
ageoldestrecord,25000,171,0.684,10,0.04,7,0.028,24829,279.52092,279.45712,135.36411896397487,135.2933145882868,0.07080437568808406,0,0,154,154
agenewestrecord,25000,165,0.66,9,0.036,2,0.008,24835,1.67568,1.66156,11.477006571934645,11.403936208846094,0.07307036308855075,0,0,154,154
recentupdate,25000,163,0.652,4,0.016,5,0.02,24837,0.96488,0.96492,0.1677845826269344,0.16767371817698376,0.00011086444995064837,0,0,154,154
srcsconfirmidaddrcount,25000,1091,4.364,413,1.652,524,2.096,23909,4.36192,4.35448,2.385600893215031,2.382065698361057,0.003535194853974133,0,0,154,154
creditbureaurecord,25000,157,0.628,3,0.012,0,0.0,24843,0.97028,0.97016,0.1517808650820795,0.15215222050651914,-0.00037135542443964,0,0,154,154
verificationfailure,25000,156,0.624,1,0.004,1,0.004,24844,0.0242,0.0242,0.1536579072407417,0.1536579072407417,0.0,0,0,154,154
ssnnotfound,25000,157,0.628,2,0.008,1,0.004,24843,-0.00684,-0.00688,0.1512379786981223,0.15110386825191985,0.0001341104462024567,0,0,154,154
ssnfoundother,25000,158,0.632,2,0.008,2,0.008,24842,0.01804,0.01808,0.2520963182589407,0.2520141076997736,8.221055916707298e-05,0,0,154,154
verifiedname,25000,160,0.64,3,0.012,3,0.012,24840,2.88956,2.88948,0.49728234969617624,0.4975862386756191,-0.00030388897944283455,0,0,154,154
verifiedssn,25000,163,0.652,4,0.016,5,0.02,24837,1.83376,1.83388,0.5886681406839159,0.5883961908920372,0.0002719497918787228,0,0,154,154
verifiedphone,25000,160,0.64,2,0.008,4,0.016,24840,0.12272,0.12284,0.8127281407567796,0.8128822657543779,-0.0001541249975983705,0,0,154,154
verifiedaddress,25000,175,0.7,11,0.044,10,0.04,24825,0.80028,0.80024,0.39482497570072916,0.39485539610986875,-3.0420409139586546e-05,0,0,154,154
verifieddob,25000,166,0.664,6,0.024,6,0.024,24834,5.05284,5.05268,3.265084346732107,3.2653809425662774,-0.00029659583417052104,0,0,154,154
ageriskindicator,25000,181,0.724,9,0.036,18,0.072,24819,22.44416,22.44932,10.698833653013008,10.718105140538771,-0.019271487525763575,0,0,154,154
subjectssncount,25000,314,1.256,58,0.232,102,0.408,24686,1.4038,1.40568,0.9690646669079087,0.9717654247035836,-0.002700757795674913,0,0,154,154
subjectaddrcount,25000,655,2.62,27,0.108,474,1.896,24345,13.1154,13.13416,8.31304025867192,8.3154331537389,-0.0023928950669791504,0,0,154,154
subjectphonecount,25000,161,0.644,0,0.0,7,0.028,24839,0.08204,0.08232,0.29035836158198597,0.29089866919698226,-0.0005403076149962938,0,0,154,154
subjectssnrecentcount,25000,282,1.128,66,0.264,62,0.248,24718,0.00672,0.00648,0.08505623683339632,0.08365278850258596,0.001403448330810353,0,0,154,154
subjectaddrrecentcount,25000,605,2.42,21,0.084,430,1.72,24395,0.1528,0.16992,0.4270226426146255,0.4550125990624299,-0.027989956447804387,0,0,154,154
subjectphonerecentcount,25000,166,0.664,1,0.004,11,0.044,24834,0.00264,0.00304,0.052848722475232646,0.05648783468379284,-0.003639112208560197,0,0,154,154
ssnidentitiescount,25000,265,1.06,45,0.18,66,0.264,24735,10.64104,10.64184,46.46611367704457,46.46616806434578,-5.438730121198887e-05,0,0,154,154
ssnaddrcount,25000,514,2.056,11,0.044,349,1.396,24486,20.88532,20.89852,45.10282205687256,45.10042289209613,0.002399164776434759,0,0,154,154
ssnidentitiesrecentcount,25000,680,2.72,19,0.076,507,2.028,24320,0.40896,0.43812,2.193472468253948,2.3428510242411082,-0.14937855598716032,0,0,154,154
ssnaddrrecentcount,25000,1081,4.324,13,0.052,914,3.656,23919,0.55928,0.6076,2.542282256129086,2.718931821621961,-0.17664956549287503,0,0,154,154
inputaddrphonecount,25000,191,0.764,0,0.0,37,0.148,24809,1.24016,1.24172,4.187931364522447,4.1901002153589175,-0.0021688508364707815,0,0,154,154
inputaddrphonerecentcount,25000,230,0.92,37,0.148,39,0.156,24770,0.06696,0.06688,0.539378104086323,0.5390913213619344,0.0002867827243886456,0,0,154,154
phoneidentitiescount,25000,154,0.616,0,0.0,0,0.0,24846,0.0324,0.0324,0.2372841618784618,0.2372841618784618,0.0,0,0,154,154
phoneidentitiesrecentcount,25000,154,0.616,0,0.0,0,0.0,24846,0.00056,0.00056,0.023657651367451713,0.023657651367451713,0.0,0,0,154,154
phoneother,25000,156,0.624,0,0.0,2,0.008,24844,-0.9472,-0.94708,0.26047165470669903,0.26083100066066917,-0.000359345953970136,0,0,154,154
ssnlastnamecount,25000,166,0.664,0,0.0,12,0.048,24834,0.18008,0.18056,0.41705087477734437,0.4174189206930473,-0.00036804591570294143,0,0,154,154
subjectlastnamecount,25000,523,2.092,19,0.076,350,1.4,24477,3.05764,3.07112,2.1375515877291567,2.143980600612663,-0.006429012883506502,0,0,154,154
lastnamechangeage,25000,467,1.868,286,1.144,27,0.108,24533,187.33908,186.017,116.0494931072034,116.59228204393145,-0.5427889367280443,0,0,154,154
lastnamechangecount01,25000,239,0.956,1,0.004,84,0.336,24761,0.00128,0.0046,0.03575404183384572,0.06833631763164849,-0.03258227579780277,0,0,154,154
lastnamechangecount03,25000,258,1.032,3,0.012,101,0.404,24742,0.00504,0.00896,0.07137535937662705,0.09557681897899048,-0.02420145960236343,0,0,154,154
lastnamechangecount06,25000,280,1.12,5,0.02,121,0.484,24720,0.01092,0.01556,0.10695802467406967,0.12766628937264263,-0.020708264698572953,0,0,154,154
lastnamechangecount12,25000,305,1.22,7,0.028,144,0.576,24695,0.01988,0.0254,0.14765619214677786,0.16680190610207643,-0.01914571395529857,0,0,154,154
lastnamechangecount24,25000,333,1.332,7,0.028,172,0.688,24667,0.0484,0.05504,0.25290909400491934,0.2676569779220949,-0.014747883917175575,0,0,154,154
lastnamechangecount60,25000,387,1.548,12,0.048,221,0.884,24613,0.1656,0.17404,0.4937283788708413,0.5078310586232764,-0.014102679752435066,0,0,154,154
sfduaddridentitiescount,25000,154,0.616,0,0.0,0,0.0,24846,20.6898,20.6898,21.460105269170366,21.460105269170366,0.0,0,0,154,154
sfduaddrssncount,25000,154,0.616,0,0.0,0,0.0,24846,16.21868,16.21868,16.637565274972218,16.637565274972218,0.0,0,0,154,154
ssnagedeceased,25000,157,0.628,0,0.0,3,0.012,24843,-0.90852,-0.9084,1.531961779119845,1.532072105837072,-0.00011032671722710496,0,0,154,154
ssnrecent,25000,156,0.624,1,0.004,1,0.004,24844,-0.01488,-0.01488,0.12106701320880676,0.1210670132088068,-4.163336342344337e-17,0,0,154,154
ssnlowissueage,25000,9339,37.356,1,0.004,9184,36.736,15661,419.23716,419.59764,163.37469035861554,163.430804155461,-0.05611379684546591,0,0,154,154
ssnhighissueage,25000,8262,33.048,1,0.004,8107,32.428,16738,396.93068,397.24856,161.227745292269,161.30346196815827,-0.07571667588928221,0,0,154,154
ssnissuestate,25000,23231,92.924,0,0.0,0,0.0,1769,-0.0708,-0.0708,0.2472440391839585,0.2472440391839585,0.0,0,0,23230,23230
ssnnonus,25000,156,0.624,1,0.004,1,0.004,24844,-0.0138,-0.0138,0.12557223773426643,0.12557223773426643,0.0,0,0,154,154
ssn3years,25000,156,0.624,1,0.004,1,0.004,24844,-0.01488,-0.01488,0.12106701320880676,0.1210670132088068,-4.163336342344337e-17,0,0,154,154
ssnafter5,25000,156,0.624,1,0.004,1,0.004,24844,-0.00692,-0.00692,0.1509695950176237,0.15096959501762366,2.7755575615628914e-17,0,0,154,154
ssnproblems,25000,158,0.632,1,0.004,3,0.012,24842,0.13076,0.13116,0.6505662899549608,0.6520213873990313,-0.0014550974440704634,0,0,154,154
relativescount,25000,167,0.668,4,0.016,9,0.036,24833,14.53336,14.53596,10.55898199755152,10.562170579602338,-0.0031885820508179563,0,0,154,154
relativesbankruptcycount,25000,168,0.672,1,0.004,13,0.052,24832,2.30168,2.30304,2.7343216993864017,2.736584474511127,-0.0022627751247252803,0,0,154,154
relativesfelonycount,25000,177,0.708,6,0.024,17,0.068,24823,0.69756,0.69832,1.4334199148493023,1.434598327437539,-0.0011784125882365881,0,0,154,154
relativespropownedcount,25000,697,2.788,260,1.04,283,1.132,24303,5.43544,5.43576,5.3301933283099165,5.332583073479449,-0.0023897451695322758,0,0,154,154
relativespropownedtaxtotal,25000,1856,7.424,371,1.484,1331,5.324,23144,1653768.64696,1655902.06884,18673746.17679587,18673946.20644688,-200.02965100854635,0,0,154,154
relativesdistanceclosest,25000,161,0.644,4,0.016,3,0.012,24839,0.0646,0.06444,0.5196163328211402,0.5193282250508722,0.00028810777026799794,0,0,154,154
inputaddrageoldestrecord,25000,280,1.12,74,0.296,52,0.208,24720,112.5878,112.51684,104.96862070577573,104.94620047171318,0.022420234062551003,0,0,154,154
inputaddragenewestrecord,25000,226,0.904,50,0.2,22,0.088,24774,8.85352,8.83772,21.87217257477486,21.87191039604758,0.0002621787272829579,0,0,154,154
inputaddrhistoricalmatch,25000,367,1.468,146,0.584,67,0.268,24633,1.00688,1.00396,0.9518128032444948,0.949667200455058,0.0021456027894367624,0,0,154,154
inputaddrlenofres,25000,325,1.3,84,0.336,87,0.348,24675,103.60612,103.55144,105.43711516083806,105.40795975031025,0.02915541052780668,0,0,154,154
inputaddrdwelltype,25000,24472,97.888,0,0.0,0,0.0,528,-0.02112,-0.02112,0.1422579061737104,0.1422579061737104,0.0,0,0,24472,24472
inputaddrdelivery,25000,154,0.616,0,0.0,0,0.0,24846,-0.91464,-0.91464,0.6109995268490286,0.6109995268490286,0.0,0,0,154,154
inputaddrapplicantowned,25000,161,0.644,0,0.0,7,0.028,24839,0.04272,0.043,0.6725501911454644,0.6726216145871323,-7.142344166788384e-05,0,0,154,154
inputaddrfamilyowned,25000,158,0.632,2,0.008,2,0.008,24842,-0.00116,-0.00116,0.6405299728436047,0.6404050640891507,0.00012490875445403393,0,0,154,154
inputaddroccupantowned,25000,164,0.656,2,0.008,8,0.032,24836,0.01296,0.01328,0.6513301802898479,0.6514466281717988,-0.0001164478819508652,0,0,154,154
inputaddragelastsale,25000,329,1.316,170,0.68,5,0.02,24671,74.27044,73.8972,96.40020817892152,96.42749843789677,-0.027290258975256165,0,0,154,154
inputaddrlastsalesprice,25000,237,0.948,48,0.192,35,0.14,24763,462958.21236,462805.05076,8085373.897262459,8085369.999288118,3.8979743402451277,0,0,154,154
inputaddrmortgagetype,25000,191,0.764,11,0.044,26,0.104,24809,-0.42592,-0.42404,1.3480187985578354,1.3501096771986012,-0.0020908786407658475,0,0,154,154
inputaddrnotprimaryres,25000,466,1.864,93,0.372,219,0.876,24534,0.612,0.61892,0.5534155843126112,0.5487428623317727,0.004672721980838457,0,0,154,154
inputaddractivephonelist,25000,158,0.632,2,0.008,2,0.008,24842,0.08556,0.08556,0.2796326018836716,0.2796326018836716,0.0,0,0,154,154
inputaddrtaxvalue,25000,531,2.124,58,0.232,319,1.276,24469,932812.78228,934650.74708,10018701.765880097,10032318.172526274,-13616.406646177173,0,0,154,154
inputaddrtaxyr,25000,661,2.644,0,0.0,507,2.028,24339,1562.02504,1562.12872,835.8340714660142,835.7931094183322,0.04096204768200096,0,0,154,154
inputaddrtaxmarketvalue,25000,551,2.204,46,0.184,351,1.404,24449,913150.4798,914290.26616,10280659.44662394,10289700.416515198,-9040.969891257584,0,0,154,154
inputaddravmvalue,25000,154,0.616,0,0.0,0,0.0,24846,198525.36356,198525.36356,520404.80276892113,520404.80276892113,0.0,0,0,154,154
inputaddravmvalue12,25000,154,0.616,0,0.0,0,0.0,24846,186445.61324,186445.61324,486648.7311127087,486648.7311127087,0.0,0,0,154,154
inputaddravmvalue60,25000,154,0.616,0,0.0,0,0.0,24846,118123.45992,118123.45992,241674.06233938853,241674.06233938853,0.0,0,0,154,154
inputaddrcountyindex,25000,154,0.616,0,0.0,0,0.0,24846,0.6766240000000006,0.6766240000000006,1.06326328968599,1.06326328968599,0.0,0,0,154,154
inputaddrtractindex,25000,154,0.616,0,0.0,0,0.0,24846,0.6716080000000003,0.6716080000000003,1.2211392898981284,1.2211392898981284,0.0,0,0,154,154
inputaddrblockindex,25000,154,0.616,0,0.0,0,0.0,24846,0.677490399999998,0.677490399999998,1.1462713324238076,1.1462713324238076,0.0,0,0,154,154
inputaddrmedianincome,25000,154,0.616,0,0.0,0,0.0,24846,61577.01692,61577.01692,29907.240097051945,29907.240097051945,0.0,0,0,154,154
inputaddrmedianvalue,25000,154,0.616,0,0.0,0,0.0,24846,236009.26632,236009.26632,187242.65191978237,187242.65191978237,0.0,0,0,154,154
inputaddrmurderindex,25000,154,0.616,0,0.0,0,0.0,24846,94.14784,94.14784,58.381663543874794,58.381663543874794,0.0,0,0,154,154
inputaddrcartheftindex,25000,154,0.616,0,0.0,0,0.0,24846,97.38656,97.38656,58.51795157234742,58.51795157234742,0.0,0,0,154,154
inputaddrburglaryindex,25000,154,0.616,0,0.0,0,0.0,24846,97.0098,97.0098,56.60628085271421,56.60628085271421,0.0,0,0,154,154
inputaddrcrimeindex,25000,154,0.616,0,0.0,0,0.0,24846,93.50172,93.50172,57.187576235760744,57.187576235760744,0.0,0,0,154,154
inputaddrmobilityindex,25000,154,0.616,0,0.0,0,0.0,24846,0.29677999999998533,0.29677999999998533,0.17081530625404104,0.17081530625404104,0.0,0,0,154,154
inputaddrvacantpropcount,25000,154,0.616,0,0.0,0,0.0,24846,40.68816,40.68816,65.69347238052963,65.69347238052963,0.0,0,0,154,154
inputaddrbusinesscount,25000,154,0.616,0,0.0,0,0.0,24846,55.4408,55.4408,68.6354238885684,68.6354238885684,0.0,0,0,154,154
inputaddrsinglefamilycount,25000,154,0.616,0,0.0,0,0.0,24846,227.70032,227.70032,65.65846166193126,65.65846166193126,0.0,0,0,154,154
inputaddrmultifamilycount,25000,154,0.616,0,0.0,0,0.0,24846,113.46436,113.46436,107.1121075233394,107.1121075233394,0.0,0,0,154,154
curraddrageoldestrecord,25000,876,3.504,453,1.812,269,1.076,24124,89.23484,88.83924,103.06613688835175,103.27354771913524,-0.20741083078348765,0,0,154,154
curraddragenewestrecord,25000,277,1.108,41,0.164,82,0.328,24723,1.62732,1.61448,11.085390245182275,11.003393406835102,0.0819968383471732,0,0,154,154
curraddrlenofres,25000,864,3.456,442,1.768,268,1.072,24136,87.60568,87.23356,102.74827580013682,102.94830096307632,-0.20002516293949668,0,0,154,154
curraddrdwelltype,25000,24053,96.212,0,0.0,0,0.0,947,-0.041,-0.0398,0.19418270005332522,0.19131989912186267,0.0028628009314625447,0,0,23975,24005
curraddrapplicantowned,25000,370,1.48,83,0.332,133,0.532,24630,0.19532,0.1974,0.4775511430215766,0.4751026867964617,0.002448456225114859,0,0,154,154
curraddrfamilyowned,25000,405,1.62,111,0.444,140,0.56,24595,0.1244,0.12568,0.4242043278685276,0.4210829464397599,0.0031213814287676667,0,0,154,154
curraddroccupantowned,25000,494,1.976,137,0.548,203,0.812,24506,0.1648,0.16756,0.4567205494758365,0.45480101617466917,0.0019195333011673421,0,0,154,154
curraddragelastsale,25000,843,3.372,386,1.544,303,1.212,24157,59.76064,59.60584,90.31699291260215,90.33644127880548,-0.0194483662033349,0,0,154,154
curraddrlastsalesprice,25000,690,2.76,232,0.928,304,1.216,24310,236715.0574,236357.58768,4464180.711348063,4460841.650380872,3339.0609671911225,0,0,154,154
curraddrmortgagetype,25000,263,1.052,53,0.212,56,0.224,24737,-0.43668,-0.43596,1.3437618579044461,1.3446206714009756,-0.000858813496529498,0,0,154,154
curraddractivephonelist,25000,297,1.188,50,0.2,93,0.372,24703,0.03296,0.03464,0.32091579333610015,0.3177360552605605,0.003179738075539673,0,0,154,154
curraddrtaxvalue,25000,1072,4.288,295,1.18,623,2.492,23928,368189.46172,368492.33344,3615077.898474313,3601802.366624421,13275.531849891879,0,0,154,154
curraddrtaxyr,25000,973,3.892,169,0.676,650,2.6,24027,1354.61932,1358.11192,942.7325986671824,941.4708156048786,1.2617830623038344,0,0,154,154
curraddrtaxmarketvalue,25000,999,3.996,243,0.972,602,2.408,24001,393169.5048,390680.9146,3863845.2670133254,3712373.7131502028,151471.5538631226,0,0,154,154
curraddravmvalue,25000,675,2.7,235,0.94,286,1.144,24325,175716.95312,176119.93976,455936.1076079512,454778.24211052136,1157.8654974298552,0,0,154,154
curraddravmvalue12,25000,663,2.652,237,0.948,272,1.088,24337,163151.2016,163630.94384,410490.11797752033,411221.8959060147,-731.7779284943826,0,0,154,154
curraddravmvalue60,25000,627,2.508,210,0.84,263,1.052,24373,104006.88208,104396.34484,233180.13743428487,233891.13166028357,-710.9942259987001,0,0,154,154
curraddrcountyindex,25000,672,2.688,239,0.956,279,1.116,24328,0.5740371999999991,0.5761351999999991,1.0881895118871543,1.0840568572219806,0.004132654665173652,0,0,154,154
curraddrtractindex,25000,673,2.692,243,0.972,276,1.104,24327,0.5637012000000015,0.5656188000000013,1.2279391700791173,1.2248999055320169,0.003039264547100462,0,0,154,154
curraddrblockindex,25000,675,2.7,240,0.96,281,1.124,24325,0.5682791999999978,0.5700319999999979,1.1529666919528243,1.148290071884764,0.004676620068060355,0,0,154,154
curraddrmedianincome,25000,815,3.26,296,1.184,365,1.46,24185,59122.03192,59258.2686,31605.441280052473,31505.52943655215,99.911843500322,0,0,154,154
curraddrmedianvalue,25000,811,3.244,315,1.26,342,1.368,24189,226938.30248,227399.0948,188166.58688450127,188538.14307924538,-371.55619474410196,0,0,154,154
curraddrmurderindex,25000,805,3.22,320,1.28,331,1.324,24195,90.7798,90.86824,60.31400470784104,60.17612876277003,0.1378759450710163,0,0,154,154
curraddrcartheftindex,25000,805,3.22,315,1.26,336,1.344,24195,93.1796,93.25304,60.73121245822419,60.55729342530072,0.17391903292347166,0,0,154,154
curraddrburglaryindex,25000,807,3.228,308,1.232,345,1.38,24193,93.42472,93.55796,58.66958900955531,58.59997623860045,0.06961277095486196,0,0,154,154
curraddrcrimeindex,25000,804,3.216,307,1.228,343,1.372,24196,90.06688,90.1584,59.01832717866763,58.894032815329126,0.12429436333850674,0,0,154,154
prevaddrageoldestrecord,25000,1046,4.184,424,1.696,468,1.872,23954,121.52448,121.874,106.95456873559137,106.71845810785094,0.23611062774043035,0,0,154,154
prevaddragenewestrecord,25000,416,1.664,167,0.668,95,0.38,24584,12.68448,12.56792,34.55846708936592,34.477918927110224,0.08054816225569539,0,0,154,154
prevaddrlenofres,25000,1056,4.224,406,1.624,496,1.984,23944,108.83256,109.30116,101.60717692649183,101.3883220481501,0.21885487834173034,0,0,154,154
prevaddrdwelltype,25000,22781,91.124,0,0.0,0,0.0,2219,-0.09308,-0.09148,0.276692359392362,0.2743039473428554,0.002388412049506572,0,0,22673,22713
prevaddrapplicantowned,25000,402,1.608,86,0.344,162,0.648,24598,0.11612,0.1194,0.46112155128216187,0.45942500787056373,0.0016965434115981393,0,0,154,154
prevaddrfamilyowned,25000,491,1.964,132,0.528,205,0.82,24509,0.12984,0.13312,0.47218399644441506,0.47043169121374057,0.001752305230674489,0,0,154,154
prevaddroccupantowned,25000,502,2.008,151,0.604,197,0.788,24498,0.1326,0.135,0.4743299802862464,0.4718818180417138,0.0024481622445325923,0,0,154,154
prevaddragelastsale,25000,1027,4.108,520,2.08,353,1.412,23973,58.42616,58.09288,90.1929551131026,90.08704464707311,0.10591046602948495,0,0,154,154
prevaddrlastsalesprice,25000,830,3.32,337,1.348,339,1.356,24170,256110.67796,257933.0464,6002629.30484281,6012948.403071362,-10319.098228551447,0,0,154,154
prevaddrtaxvalue,25000,1191,4.764,393,1.572,644,2.576,23809,410275.98112,404215.6316,4332448.456002795,4318573.6983505795,13874.75765221566,0,0,154,154
prevaddrtaxyr,25000,1029,4.116,241,0.964,634,2.536,23971,1255.23292,1258.07232,974.2482587403082,973.5422101339143,0.7060486063938924,0,0,154,154
prevaddrtaxmarketvalue,25000,1102,4.408,333,1.332,615,2.46,23898,602776.34988,595693.61672,19413439.171284452,19413677.56099443,-238.38970997929573,0,0,154,154
prevaddravmvalue,25000,830,3.32,298,1.192,378,1.512,24170,162592.89132,162995.1054,478949.68960687175,477305.47275961476,1644.2168472569901,0,0,154,154
prevaddrcountyindex,25000,825,3.3,298,1.192,373,1.492,24175,0.4946684000000018,0.49817920000000193,1.0581523735234764,1.0403052619091895,0.01784711161428687,0,0,154,154
prevaddrtractindex,25000,825,3.3,294,1.176,377,1.508,24175,0.4936595999999997,0.49608520000000017,1.202104629620743,1.1822476877135342,0.01985694190720877,0,0,154,154
prevaddrblockindex,25000,827,3.308,294,1.176,379,1.516,24173,0.49668119999999916,0.5001987999999993,1.2052204136694995,1.1953867030996668,0.009833710569832732,0,0,154,154
prevaddrmedianincome,25000,1012,4.048,413,1.652,445,1.78,23988,56424.06612,56598.78436,31619.414557724802,31642.839718923413,-23.425161198611022,0,0,154,154
prevaddrmedianvalue,25000,1010,4.04,387,1.548,469,1.876,23990,218907.53124,219707.9032,189977.00488421228,189806.35653459793,170.64834961434826,0,0,154,154
prevaddrmurderindex,25000,1006,4.024,411,1.644,441,1.764,23994,90.1394,90.23576,61.19750910957611,61.105141977158155,0.09236713241795513,0,0,154,154
prevaddrcartheftindex,25000,995,3.98,404,1.616,437,1.748,24005,92.89928,93.0026,61.489702503253284,61.43384121735668,0.05586128589660433,0,0,154,154
prevaddrburglaryindex,25000,1004,4.016,402,1.608,448,1.792,23996,92.64796,92.75416,59.92730778006573,59.85749402591731,0.06981375414842006,0,0,154,154
prevaddrcrimeindex,25000,1002,4.008,414,1.656,434,1.736,23998,89.4576,89.53784,59.99818299833505,59.91095966059721,0.0872233377378393,0,0,154,154
addrmostrecentdistance,25000,972,3.888,428,1.712,390,1.56,24028,123.30704,123.19124,464.97282547429336,469.6344644721154,-4.661638997822024,0,0,154,154
addrmostrecentstatediff,25000,761,3.044,329,1.316,278,1.112,24239,-0.27948,-0.28168,0.671185352735357,0.6701791295814015,0.0010062231539554878,0,0,154,154
addrmostrecenttaxdiff,25000,781,3.124,328,1.312,299,1.196,24219,237760.64708,223647.46968,8759235.069308702,8244358.802244313,514876.26706438884,0,0,154,154
addrmostrecentmoveage,25000,1036,4.144,454,1.816,428,1.712,23964,74.93608,74.92632,105.7654529189244,105.81920101487616,-0.05374809595176089,0,0,154,154
addrmostrecentincomediff,25000,1011,4.044,427,1.708,430,1.72,23989,1429.40128,1384.56148,24830.41703256274,24829.183725539864,1.2333070228742145,0,0,154,154
addrmostrecentvaluediff,25000,1009,4.036,447,1.788,408,1.632,23991,2319.29308,2129.10664,127477.7399174258,126983.10131244191,494.6386049838911,0,0,154,154
addrmostrecentcrimediff,25000,1007,4.028,411,1.644,442,1.768,23993,-2.73152,-2.63456,48.9751745018643,48.90018623529424,0.07498826657005964,0,0,154,154
addrrecentecontrajectory,25000,15140,60.56,0,0.0,0,0.0,9860,-0.40428,-0.40532,0.378776746491617,0.3792636303337176,-0.000486883842100605,0,0,14893,14867
addrrecentecontrajectoryindex,25000,858,3.432,358,1.432,346,1.384,24142,1.44204,1.43712,2.243530932599619,2.2432611794285835,0.0002697531710356138,0,0,154,154
educationattendedcollege,25000,154,0.616,0,0.0,0,0.0,24846,0.14376,0.14376,0.3506647317086998,0.3506647317086998,0.0,0,0,154,154
educationprogram2yr,25000,154,0.616,0,0.0,0,0.0,24846,-0.81208,-0.81208,0.4778950870361452,0.4778950870361452,0.0,0,0,154,154
educationprogram4yr,25000,154,0.616,0,0.0,0,0.0,24846,-0.75072,-0.75072,0.6214723047784396,0.6214723047784396,0.0,0,0,154,154
educationprogramgraduate,25000,154,0.616,0,0.0,0,0.0,24846,-0.85192,-0.85192,0.34905813935756846,0.34905813935756846,0.0,0,0,154,154
educationinstitutionprivate,25000,154,0.616,0,0.0,0,0.0,24846,-0.83488,-0.83488,0.40963607504135335,0.40963607504135335,0.0,0,0,154,154
educationinstitutionrating,25000,154,0.616,0,0.0,0,0.0,24846,-0.28,-0.28,1.8170297344844495,1.8170297344844495,0.0,0,0,154,154
educationfieldofstudytype,25000,154,0.616,0,0.0,0,0.0,24846,-0.66192,-0.66192,1.1024894480163414,1.1024894480163414,0.0,0,0,154,154
addrstability,25000,1211,4.844,371,1.484,686,2.744,23789,4.58976,4.60192,1.4892471983378628,1.4754234153480064,0.013823782989856426,0,0,154,154
statusmostrecent,25000,24190,96.76,0,0.0,0,0.0,810,-0.03556,-0.03376,0.1818679160919153,0.17720518835275662,0.004662727739158684,0,0,24111,24156
statusprevious,25000,23711,94.844,0,0.0,0,0.0,1289,-0.05504,-0.053,0.22169333563295132,0.21754612909633797,0.0041472065366133515,0,0,23624,23675
statusnextprevious,25000,14269,57.076,0,0.0,0,0.0,10731,-0.43352,-0.43524,0.37298309670844426,0.373722273521005,-0.000739176812560749,0,0,14162,14119
addrchangecount01,25000,533,2.132,16,0.064,363,1.452,24467,0.01088,0.02536,0.10639970119175277,0.16506305344838537,-0.058663352256632606,0,0,154,154
addrchangecount03,25000,595,2.38,22,0.088,419,1.676,24405,0.05144,0.06804,0.23574907547354854,0.274936026352764,-0.03918695087921545,0,0,154,154
addrchangecount06,25000,605,2.42,21,0.084,430,1.72,24395,0.1528,0.16992,0.4270226426146255,0.4550125990624299,-0.027989956447804387,0,0,154,154
addrchangecount12,25000,617,2.468,22,0.088,441,1.764,24383,0.299,0.3166,0.6288467936150877,0.6535774551190865,-0.02473066150399883,0,0,154,154
addrchangecount24,25000,629,2.516,23,0.092,452,1.808,24371,0.68148,0.6996,1.0634115916517715,1.0860696930028788,-0.02265810135110735,0,0,154,154
addrchangecount60,25000,643,2.572,24,0.096,465,1.86,24357,1.83824,1.857,2.116898269735046,2.1345368395994546,-0.017638569864408815,0,0,154,154
estimatedannualincome,25000,1515,6.06,530,2.12,831,3.324,23485,67415.75784,67446.19792,32362.57294908658,32364.567801239813,-1.9948521532314771,0,0,154,154
assetowner,25000,208,0.832,24,0.096,30,0.12,24792,0.40048,0.40072,0.4889865056836447,0.48903534876397337,-4.8843080328653254e-05,0,0,154,154
propertyowner,25000,209,0.836,24,0.096,31,0.124,24791,0.38948,0.38976,0.48667328920976966,0.48673687104045865,-6.358183068899681e-05,0,0,154,154
propownedcount,25000,262,1.048,45,0.18,63,0.252,24738,0.64468,0.64548,1.2426534214403764,1.2431717652108552,-0.0005183437704787686,0,0,154,154
propownedtaxtotal,25000,440,1.76,60,0.24,226,0.904,24560,176440.89984,176784.68184,3644808.1942067533,3644800.924792331,7.2694144221022725,0,0,154,154
propownedhistoricalcount,25000,243,0.972,11,0.044,78,0.312,24757,1.1014,1.10424,1.936007607197377,1.9387597847918434,-0.002752177594466332,0,0,154,154
propageoldestpurchase,25000,174,0.696,10,0.04,10,0.04,24826,76.70724,76.67904,115.2497708781441,115.22501992102545,0.024750957118655492,0,0,154,154
propagenewestpurchase,25000,214,0.856,50,0.2,10,0.04,24786,50.15616,49.98028,86.76647733588223,86.69123277540675,0.07524456047548256,0,0,154,154
propagenewestsale,25000,207,0.828,33,0.132,20,0.08,24793,25.586,25.48848,59.97986129261055,59.88836259341889,0.09149869919166065,0,0,154,154
propnewestsaleprice,25000,197,0.788,10,0.04,33,0.132,24803,44644.65772,44875.71348,268398.01884702226,268656.54885155906,-258.53000453679124,0,0,154,154
propnewestsalepurchaseindex,25000,191,0.764,12,0.048,25,0.1,24809,-0.5861196000000007,-0.5853392000000007,3.253862196773378,3.2534428064840095,0.00041939028936832656,0,0,154,154
proppurchasedcount01,25000,165,0.66,1,0.004,10,0.04,24835,4e-05,0.0004,0.006324428048764745,0.019999239739152595,-0.01367481169038785,0,0,154,154
proppurchasedcount03,25000,197,0.788,10,0.04,33,0.132,24803,0.00304,0.00396,0.05505180716146224,0.06281009370907327,-0.007758286547611029,0,0,154,154
proppurchasedcount06,25000,211,0.844,20,0.08,37,0.148,24789,0.00932,0.01,0.09855253689080586,0.10148855761914126,-0.0029360207283354034,0,0,154,154
proppurchasedcount12,25000,221,0.884,27,0.108,40,0.16,24779,0.02844,0.02888,0.1889608001280062,0.18900041477472018,-3.9614646713981294e-05,0,0,154,154
proppurchasedcount24,25000,227,0.908,28,0.112,45,0.18,24773,0.06884,0.06944,0.28787473403385766,0.2886334258104291,-0.0007586917765714518,0,0,154,154
proppurchasedcount60,25000,223,0.892,23,0.092,46,0.184,24777,0.1864,0.18716,0.5062025395496303,0.5061992523172046,3.2872324257082752e-06,0,0,154,154
propsoldcount01,25000,174,0.696,4,0.016,16,0.064,24826,0.00016,0.00064,0.012648092437357795,0.025294676165237465,-0.01264658372787967,0,0,154,154
propsoldcount03,25000,210,0.84,13,0.052,43,0.172,24790,0.0036,0.0048,0.06121241840020574,0.07027318241265877,-0.00906076401245303,0,0,154,154
propsoldcount06,25000,214,0.856,10,0.04,50,0.2,24786,0.00956,0.01116,0.10444157895887612,0.11241641968777963,-0.007974840728903504,0,0,154,154
propsoldcount12,25000,226,0.904,22,0.088,50,0.2,24774,0.02448,0.0256,0.18686101277245673,0.19053136984325755,-0.0036703570708008226,0,0,154,154
propsoldcount24,25000,215,0.86,12,0.048,49,0.196,24785,0.04924,0.05072,0.255187160731141,0.25871748414442713,-0.0035303234132861294,0,0,154,154
propsoldcount60,25000,214,0.856,12,0.048,48,0.192,24786,0.1188,0.12024,0.409535860712651,0.41271961088570974,-0.003183750173058719,0,0,154,154
watercraftowner,25000,155,0.62,1,0.004,0,0.0,24845,0.04388,0.04384,0.20479913281279685,0.20471002711365574,8.91056991411121e-05,0,0,154,154
watercraftcount,25000,155,0.62,1,0.004,0,0.0,24845,0.10984,0.10976,0.793032694833032,0.7929428916852339,8.980314779805099e-05,0,0,154,154
watercraftcount01,25000,154,0.616,0,0.0,0,0.0,24846,8e-05,8e-05,0.012648856097531174,0.012648856097531174,0.0,0,0,154,154
watercraftcount03,25000,154,0.616,0,0.0,0,0.0,24846,0.00272,0.00272,0.0572062586248808,0.0572062586248808,0.0,0,0,154,154
watercraftcount06,25000,154,0.616,0,0.0,0,0.0,24846,0.00512,0.00512,0.08563658166518885,0.08563658166518885,0.0,0,0,154,154
watercraftcount12,25000,154,0.616,0,0.0,0,0.0,24846,0.00796,0.00796,0.1057177756697003,0.1057177756697003,0.0,0,0,154,154
watercraftcount24,25000,154,0.616,0,0.0,0,0.0,24846,0.0146,0.0146,0.1646375623434809,0.1646375623434809,0.0,0,0,154,154
watercraftcount60,25000,154,0.616,0,0.0,0,0.0,24846,0.03088,0.03088,0.30528765383106876,0.30528765383106876,0.0,0,0,154,154
aircraftowner,25000,154,0.616,0,0.0,0,0.0,24846,0.00104,0.00104,0.032232153780726566,0.032232153780726566,0.0,0,0,154,154
aircraftcount,25000,154,0.616,0,0.0,0,0.0,24846,0.00144,0.00144,0.050575820572927026,0.050575820572927026,0.0,0,0,154,154
aircraftcount01,25000,156,0.624,2,0.008,0,0.0,24844,8e-05,0.0,0.008943911928013413,7.975321937073963e-05,0.008864158708642673,0,0,154,154
aircraftcount03,25000,154,0.616,0,0.0,0,0.0,24846,8e-05,8e-05,0.008943911928013413,0.008943911928013413,0.0,0,0,154,154
aircraftcount06,25000,154,0.616,0,0.0,0,0.0,24846,0.00012,0.00012,0.010953789814301888,0.010953789814301888,0.0,0,0,154,154
aircraftcount12,25000,154,0.616,0,0.0,0,0.0,24846,0.0002,0.0002,0.014140712627021523,0.014140712627021523,0.0,0,0,154,154
aircraftcount24,25000,156,0.624,2,0.008,0,0.0,24844,0.00036,0.00028,0.020973068484703344,0.016731025122928258,0.0042420433617750865,0,0,154,154
aircraftcount60,25000,154,0.616,0,0.0,0,0.0,24846,0.0008,0.0008,0.035768087139232,0.035768087139232,0.0,0,0,154,154
wealthindex,25000,283,1.132,39,0.156,90,0.36,24717,3.48872,3.491,1.2051964036667258,1.2062461640192728,-0.0010497603525470023,0,0,154,154
businessactiveassociation,25000,159,0.636,4,0.016,1,0.004,24841,0.49384,0.49372,0.5350698704423088,0.5351432405021567,-7.337005984786593e-05,0,0,154,154
businessinactiveassociation,25000,155,0.62,1,0.004,0,0.0,24845,0.11624,0.1162,0.3748133269993983,0.3748790862349591,-6.575923556079166e-05,0,0,154,154
businessassociationage,25000,3142,12.568,2,0.008,2986,11.944,21858,48.44068,48.56256,97.80307298009429,97.92858144685268,-0.1255084667583901,0,0,154,154
businesstitle,25000,10204,40.816,0,0.0,0,0.0,14796,-0.58168,-0.58176,1.5345228292423807,1.534527390695856,-4.561453475382393e-06,0,0,10203,10201
businessinputaddrcount,25000,368,1.472,0,0.0,0,0.0,24632,18.22912,18.22912,47.36011440035557,47.36011440035557,0.0,0,0,368,368
derogseverityindex,25000,210,0.84,3,0.012,11,0.044,24790,1.89024,1.89116,6.286959548582087,6.286876992904146,8.255567794090979e-05,0,0,196,196
derogcount,25000,228,0.912,10,0.04,53,0.212,24772,3.12416,3.12592,7.18664357087029,7.186796836667312,-0.00015326579702179544,0,0,165,165
derogrecentcount,25000,260,1.04,69,0.276,37,0.148,24740,0.10604,0.10372,1.0257515549067853,1.021732977834076,0.004018577072709251,0,0,154,154
derogage,25000,209,0.836,41,0.164,14,0.056,24791,47.6274,47.56484,74.15485671739448,74.14557677343474,0.009279943959739967,0,0,154,154
felonycount,25000,159,0.636,3,0.012,2,0.008,24841,0.52832,0.51792,8.17114181653728,7.939742290651765,0.23139952588551438,0,0,154,154
felonyage,25000,156,0.624,2,0.008,0,0.0,24844,6.81036,6.80696,41.06690017142608,41.065305065686225,0.0015951057398524426,0,0,154,154
felonycount01,25000,154,0.616,0,0.0,0,0.0,24846,0.07332,0.07332,4.4897027810919266,4.4897027810919266,0.0,0,0,154,154
felonycount03,25000,154,0.616,0,0.0,0,0.0,24846,-0.00124,-0.00124,0.035191659926516065,0.035191659926516065,0.0,0,0,154,154
felonycount06,25000,155,0.62,0,0.0,1,0.004,24845,-0.00036,-0.00032,0.022800649150058177,0.02366217237837745,-0.0008615232283192727,0,0,154,154
felonycount12,25000,157,0.628,2,0.008,1,0.004,24843,0.0012,0.00116,0.04978504925777776,0.04773517706680639,0.002049872190971372,0,0,154,154
felonycount24,25000,161,0.644,6,0.024,1,0.004,24839,0.005,0.0048,0.15548262282331077,0.15484458660223133,0.000638036221079441,0,0,154,154
felonycount60,25000,160,0.64,5,0.02,1,0.004,24840,0.02308,0.02296,0.34044681266212046,0.34098324218617687,-0.0005364295240564143,0,0,154,154
arrestcount,25000,157,0.628,0,0.0,3,0.012,24843,0.0512,0.05132,0.2207315381398625,0.22097539213584297,-0.00024385399598048085,0,0,154,154
arrestage,25000,157,0.628,0,0.0,3,0.012,24843,3.41516,3.42748,22.417484161626202,22.456824499344663,-0.03934033771846046,0,0,154,154
arrestcount01,25000,156,0.624,1,0.004,1,0.004,24844,0.01896,0.01896,1.712739998946818,1.7127399989468182,-2.220446049250313e-16,0,0,154,154
arrestcount03,25000,157,0.628,2,0.008,1,0.004,24843,0.00316,0.00312,0.6085638445465213,0.6085311871130702,3.265743345115535e-05,0,0,154,154
arrestcount06,25000,156,0.624,1,0.004,1,0.004,24844,0.00304,0.00304,0.387596054509923,0.387596054509923,0.0,0,0,154,154
arrestcount12,25000,159,0.636,4,0.016,1,0.004,24841,0.00168,0.00156,0.04095314657038589,0.0394659779305618,0.0014871686398240866,0,0,154,154
arrestcount24,25000,157,0.628,2,0.008,1,0.004,24843,0.005,0.00496,0.07053258821280708,0.07025130603766386,0.00028128217514322706,0,0,154,154
arrestcount60,25000,160,0.64,5,0.02,1,0.004,24840,0.01452,0.01436,0.11961551272614679,0.11896435300012681,0.0006511597260199786,0,0,154,154
liencount,25000,207,0.828,7,0.028,46,0.184,24793,2.04352,2.04456,4.664519483271715,4.663266182432809,0.0012533008389059574,0,0,154,154
lienfiledcount,25000,194,0.776,5,0.02,35,0.14,24806,1.61996,1.621,3.643669042699649,3.6437226260965274,-5.358339687822067e-05,0,0,154,154
lienfiledtotal,25000,182,0.728,3,0.012,25,0.1,24818,7653.4614,7658.32724,72885.9918868417,72887.47599586361,-1.4841090219124453,0,0,154,154
lienfiledage,25000,190,0.76,21,0.084,15,0.06,24810,173.77568,173.77776,7312.84452118094,7312.868004195022,-0.023483014081648435,0,0,154,154
lienfiledcount01,25000,167,0.668,4,0.016,9,0.036,24833,2.55288,2.54276,187.13623790644974,187.12638373054335,0.009854175906383489,0,0,154,154
lienfiledcount03,25000,178,0.712,9,0.036,15,0.06,24822,0.83824,0.83844,93.85543599277571,93.85543527200767,7.207680425835861e-07,0,0,154,154
lienfiledcount06,25000,224,0.896,56,0.224,14,0.056,24776,0.03164,0.02976,1.7701504861691615,1.7692234765808728,0.0009270095882887297,0,0,154,154
lienfiledcount12,25000,225,0.9,51,0.204,20,0.08,24775,0.04004,0.03864,0.25113128574138044,0.2446610608129599,0.0064702249284205315,0,0,154,154
lienfiledcount24,25000,247,0.988,69,0.276,24,0.096,24753,0.10328,0.1014,0.46310639638012424,0.45705127411286844,0.006055122267255797,0,0,154,154
lienfiledcount60,25000,234,0.936,51,0.204,29,0.116,24766,0.29532,0.29448,0.9953737287878324,0.9908102732415511,0.0045634555462812365,0,0,154,154
lienreleasedcount,25000,174,0.696,4,0.016,16,0.064,24826,0.43704,0.43712,1.426541080374588,1.42528226242955,0.0012588179450379045,0,0,154,154
lienreleasedtotal,25000,163,0.652,3,0.012,6,0.024,24837,2082.3278,2082.26324,29746.368987738468,29746.3226233532,0.04636438526722486,0,0,154,154
lienreleasedage,25000,171,0.684,9,0.036,8,0.032,24829,55.17124,55.1678,1851.4496920263157,1851.4496986746549,-6.64833919472585e-06,0,0,154,154
lienreleasedcount01,25000,155,0.62,0,0.0,1,0.004,24845,0.2744,0.27444,16.684658846391045,16.684659387247166,-5.408561207786988e-07,0,0,154,154
lienreleasedcount03,25000,156,0.624,0,0.0,2,0.008,24844,0.00164,0.00172,0.43159853316681285,0.431690898018182,-9.236485136915329e-05,0,0,154,154
lienreleasedcount06,25000,167,0.668,8,0.032,5,0.02,24833,0.00092,0.0008,0.043349145160838654,0.04194483503574024,0.0014043101250984166,0,0,154,154
lienreleasedcount12,25000,175,0.7,13,0.052,8,0.032,24825,0.00724,0.00704,0.09458995458071039,0.09439362005761505,0.00019633452309533728,0,0,154,154
lienreleasedcount24,25000,176,0.704,11,0.044,11,0.044,24824,0.02316,0.02312,0.20094852640587052,0.2026380099208727,-0.0016894835150021714,0,0,154,154
lienreleasedcount60,25000,190,0.76,23,0.092,13,0.052,24810,0.07504,0.07456,0.4247520587708238,0.4246485015045424,0.00010355726628136219,0,0,154,154
bankruptcycount,25000,162,0.648,2,0.008,6,0.024,24838,0.25268,0.25284,0.6741806278414182,0.6742393205358529,-5.869269443470326e-05,0,0,154,154
bankruptcyage,25000,171,0.684,11,0.044,6,0.024,24829,23.0156,23.01104,64.18250894694879,64.18716286764169,-0.004653920692902602,0,0,154,154
bankruptcytype,25000,4531,18.124,0,0.0,0,0.0,20469,-0.627,-0.62684,6.201302657588134,6.201300862752077,1.7948360575559263e-06,0,0,4525,4529
bankruptcystatus,25000,4368,17.472,0,0.0,0,0.0,20632,-0.8014,-0.80108,2.3314721575715835,2.331469450819439,2.706752144643332e-06,0,0,4358,4366
bankruptcycount01,25000,210,0.84,9,0.036,14,0.056,24790,0.01192,0.01212,1.6017293313145042,1.601790274284748,-6.094297024383799e-05,0,0,187,187
bankruptcycount03,25000,180,0.72,5,0.02,14,0.056,24820,0.00164,0.002,0.06839073825434945,0.07096557108186179,-0.0025748328275123356,0,0,161,161
bankruptcycount06,25000,179,0.716,13,0.052,9,0.036,24821,0.00556,0.0054,0.08104870302843739,0.08006666886159207,0.000982034166845322,0,0,157,157
bankruptcycount12,25000,173,0.692,11,0.044,8,0.032,24827,0.01096,0.01084,0.11224588389308508,0.11100346323849708,0.0012424206545880029,0,0,154,154
bankruptcycount24,25000,173,0.692,12,0.048,7,0.028,24827,0.02128,0.02108,0.16304714690986638,0.16196568808067846,0.0010814588291879201,0,0,154,154
bankruptcycount60,25000,170,0.68,10,0.04,6,0.024,24830,0.05196,0.0518,0.2643549268988777,0.2640836128496257,0.00027131404925195834,0,0,154,154
evictioncount,25000,174,0.696,4,0.016,16,0.064,24826,0.6092,0.6098,2.215118333683034,2.2163344044206643,-0.0012160707376303037,0,0,154,154
evictionage,25000,169,0.676,11,0.044,4,0.016,24831,17.8522,17.83492,50.7231863818064,50.7026765442957,0.020509837510701345,0,0,154,154
evictioncount01,25000,157,0.628,0,0.0,3,0.012,24843,0.06964,0.0698,3.4756122332706214,3.4756435535394585,-3.132026883712058e-05,0,0,154,154
evictioncount03,25000,158,0.632,0,0.0,4,0.016,24842,0.00484,0.00504,0.6101282079190274,0.610421570800446,-0.0002933628814185685,0,0,154,154
evictioncount06,25000,179,0.716,21,0.084,4,0.016,24821,0.01484,0.014,1.0902010905380441,1.0896803884673434,0.0005207020707007626,0,0,154,154
evictioncount12,25000,187,0.748,24,0.096,9,0.036,24813,0.0166,0.0158,0.17933974057745078,0.17466912305953763,0.004670617517913145,0,0,154,154
evictioncount24,25000,193,0.772,28,0.112,11,0.044,24807,0.04472,0.04396,0.3702807075032396,0.3688031680301824,0.0014775394730571767,0,0,154,154
evictioncount60,25000,191,0.764,24,0.096,13,0.052,24809,0.1378,0.13756,0.8393653487876295,0.8381648601232412,0.0012004886643882662,0,0,154,154
accidentcount,25000,203,0.812,9,0.036,40,0.16,24797,0.63296,0.63412,1.099351493423532,1.10095651089975,-0.0016050174762181069,0,0,154,154
accidentage,25000,186,0.744,19,0.076,13,0.052,24814,22.0838,22.04836,46.71845139931609,46.71227805293014,0.006173346385949685,0,0,154,154
recentactivityindex,25000,732,2.928,317,1.268,261,1.044,24268,2.10868,2.1076,6.587749086338237,6.589111683174773,-0.0013625968365360563,0,0,154,154
nonderogcount,25000,176,0.704,9,0.036,13,0.052,24824,7.35168,7.3518,3.5422634618072113,3.542121684761043,0.00014177704616846754,0,0,154,154
nonderogcount01,25000,1046,4.184,29,0.116,863,3.452,23954,2.74924,2.78276,1.8736168678909146,1.8706926840198597,0.002924183871054975,0,0,154,154
nonderogcount03,25000,535,2.14,26,0.104,355,1.42,24465,3.09652,3.1098,0.9832899486722992,0.9799058893383437,0.0033840593339555802,0,0,154,154
nonderogcount06,25000,374,1.496,21,0.084,199,0.796,24626,3.35496,3.36212,1.0754105903021949,1.0722429344761912,0.003167655826003646,0,0,154,154
nonderogcount12,25000,262,1.048,14,0.056,94,0.376,24738,3.57712,3.58036,1.127453083119204,1.1252425147651486,0.00221056835405542,0,0,154,154
nonderogcount24,25000,216,0.864,15,0.06,47,0.188,24784,3.91356,3.91484,1.2455929764007025,1.2443967009192691,0.0011962754814334176,0,0,154,154
nonderogcount60,25000,188,0.752,10,0.04,24,0.096,24812,4.72172,4.72228,1.4678914335495428,1.4673434956710483,0.0005479378784944977,0,0,154,154
voterregistrationrecord,25000,156,0.624,0,0.0,2,0.008,24844,0.47684,0.47692,0.680751772575446,0.6807544942669213,-2.721691475304766e-06,0,0,154,154
profliccount,25000,154,0.616,0,0.0,0,0.0,24846,0.10636,0.10636,0.5022527906448606,0.5022527906448606,0.0,0,0,154,154
proflicage,25000,154,0.616,0,0.0,0,0.0,24846,3.10352,3.10352,22.550190054580195,22.550190054580195,0.0,0,0,154,154
proflictypecategory,25000,154,0.616,0,0.0,0,0.0,24846,-0.59728,-0.59728,3.010929933138113,3.010929933138113,0.0,0,0,154,154
proflicexpired,25000,154,0.616,0,0.0,0,0.0,24846,-0.91048,-0.91048,1.0334019986456429,1.0334019986456429,0.0,0,0,154,154
profliccount01,25000,154,0.616,0,0.0,0,0.0,24846,0.016,0.016,0.21199628072213525,0.21199628072213525,0.0,0,0,154,154
profliccount03,25000,154,0.616,0,0.0,0,0.0,24846,0.11764,0.11764,0.567552271703054,0.567552271703054,0.0,0,0,154,154
profliccount06,25000,154,0.616,0,0.0,0,0.0,24846,0.13408,0.13408,0.6142896812826393,0.6142896812826393,0.0,0,0,154,154
profliccount12,25000,154,0.616,0,0.0,0,0.0,24846,0.14704,0.14704,0.6509117102254032,0.6509117102254032,0.0,0,0,154,154
profliccount24,25000,154,0.616,0,0.0,0,0.0,24846,0.16264,0.16264,0.7025847190901912,0.7025847190901912,0.0,0,0,154,154
profliccount60,25000,154,0.616,0,0.0,0,0.0,24846,0.18952,0.18952,0.7904561441123773,0.7904561441123773,0.0,0,0,154,154
prsearchlocatecount,25000,237,0.948,3,0.012,80,0.32,24763,3.1904,3.19312,4.7869162665217075,4.783899201142319,0.003017065379388839,0,0,154,154
prsearchlocatecount01,25000,288,1.152,67,0.268,67,0.268,24712,0.03652,0.03664,0.634269717031822,0.6350506351021371,-0.0007809180703151064,0,0,154,154
prsearchlocatecount03,25000,292,1.168,63,0.252,75,0.3,24708,0.03436,0.03504,0.2987509294459818,0.30640722616289295,-0.0076562967169111484,0,0,154,154
prsearchlocatecount06,25000,321,1.284,93,0.372,74,0.296,24679,0.07288,0.07204,0.5420846675517388,0.5129700041860472,0.029114663365691573,0,0,154,154
prsearchlocatecount12,25000,324,1.296,95,0.38,75,0.3,24676,0.16532,0.1642,0.8604539153685876,0.831499403050377,0.028954512318210668,0,0,154,154
prsearchlocatecount24,25000,424,1.696,192,0.768,78,0.312,24576,0.4762,0.4714,1.3407895728745212,1.3318739425069628,0.00891563036755838,0,0,154,154
prsearchpersonalfinancecount,25000,626,2.504,4,0.016,468,1.872,24374,8.25528,8.28564,13.107020648899352,13.146955909604104,-0.03993526070475184,0,0,154,154
prsearchpersonalfinancecount01,25000,917,3.668,316,1.264,447,1.788,24083,0.10056,0.10936,0.8982568644592226,0.8849268549140941,0.01333000954512853,0,0,154,154
prsearchpersonalfinancecount03,25000,886,3.544,276,1.104,456,1.824,24114,0.17976,0.19156,0.9406632183037124,0.9746819759642549,-0.03401875766054252,0,0,154,154
prsearchpersonalfinancecount06,25000,1070,4.28,471,1.884,445,1.78,23930,0.3658,0.36576,1.3913612372843287,1.3871825246222649,0.0041787126620638215,0,0,154,154
prsearchpersonalfinancecount12,25000,2651,10.604,2085,8.34,412,1.648,22349,1.1892,1.02376,3.176295311946992,2.826618899798271,0.349676412148721,0,0,154,154
prsearchpersonalfinancecount24,25000,1049,4.196,438,1.752,457,1.828,23951,2.32904,2.33248,5.288402235656881,5.303920664084318,-0.015518428427436781,0,0,154,154
prsearchothercount,25000,1526,6.104,11,0.044,1361,5.444,23474,15.03344,15.11956,16.88334253535389,16.953647851140754,-0.0703053157868645,0,0,154,154
prsearchothercount01,25000,2542,10.168,1158,4.632,1230,4.92,22458,0.30872,0.30872,1.8040689743143619,1.7747407878570487,0.029328186457313166,0,0,154,154
prsearchothercount03,25000,2453,9.812,1029,4.116,1270,5.08,22547,0.63884,0.65636,1.722849226276,1.7559226927401494,-0.03307346646414944,0,0,154,154
prsearchothercount06,25000,2672,10.688,1262,5.048,1256,5.024,22328,1.30072,1.29988,2.571090342030758,2.5654494258285108,0.005640916202247048,0,0,154,154
prsearchothercount12,25000,2781,11.124,1367,5.468,1260,5.04,22219,2.81028,2.79724,4.65363907622211,4.616601428988848,0.03703764723326142,0,0,154,154
prsearchothercount24,25000,2599,10.396,1159,4.636,1286,5.144,22401,5.35972,5.3672,7.847236817821235,7.834463878515823,0.012772939305412123,0,0,154,154
prsearchidentityssns,25000,1689,6.756,1078,4.312,457,1.828,23311,1.07352,1.04364,1.160161948706975,1.1571038425429188,0.003058106164056218,0,0,154,154
prsearchidentityaddrs,25000,2069,8.276,1339,5.356,576,2.304,22931,1.21148,1.17936,1.2671997780347817,1.2564317540763608,0.010768023958420914,0,0,154,154
prsearchidentityphones,25000,1961,7.844,1319,5.276,488,1.952,23039,0.85684,0.82076,1.1343997080927097,1.1103748340631863,0.02402487402952347,0,0,154,154
prsearchssnidentities,25000,1587,6.348,859,3.436,574,2.296,23413,0.67784,0.6668,0.5771850806075203,0.5834632160435737,-0.006278135436053378,0,0,154,154
prsearchaddridentities,25000,3443,13.772,2165,8.66,1124,4.496,21557,1.94952,1.89152,3.4195730581023707,3.2883102377513187,0.13126282035105197,0,0,154,154
prsearchphoneidentities,25000,1426,5.704,1073,4.292,199,0.796,23574,0.4096,0.37296,0.7293794372576964,0.7042228706129926,0.02515656664470378,0,0,154,154
subprimeofferrequestcount,25000,172,0.688,15,0.06,3,0.012,24828,0.12212,0.12164,0.5154365525516791,0.5146183779329684,0.0008181746187106986,0,0,154,154
subprimeofferrequestcount01,25000,160,0.64,5,0.02,1,0.004,24840,0.00136,0.00124,0.053648289874538665,0.06097922110409846,-0.007330931229559794,0,0,154,154
subprimeofferrequestcount03,25000,154,0.616,0,0.0,0,0.0,24846,0.00016,0.00016,0.012648092437358283,0.012648092437358283,0.0,0,0,154,154
subprimeofferrequestcount06,25000,154,0.616,0,0.0,0,0.0,24846,0.0,0.0,0.0,0.0,0.0,0,0,154,154
subprimeofferrequestcount12,25000,154,0.616,0,0.0,0,0.0,24846,0.0,0.0,0.0,0.0,0.0,0,0,154,154
subprimeofferrequestcount24,25000,154,0.616,0,0.0,0,0.0,24846,0.0,0.0,0.0,0.0,0.0,0,0,154,154
subprimeofferrequestcount60,25000,154,0.616,0,0.0,0,0.0,24846,0.0,0.0,0.0,0.0,0.0,0,0,154,154
inputphonemobile,25000,154,0.616,0,0.0,0,0.0,24846,0.37532,0.37532,0.7216558518913282,0.7216558518913282,0.0,0,0,154,154
inputphonetype,25000,417,1.668,0,0.0,0,0.0,24583,0.87116,0.87116,1.2926490138637903,1.2926490138637903,0.0,0,0,417,417
inputphoneservicetype,25000,158,0.632,0,0.0,0,0.0,24842,8.88444,8.88444,8.626989486143758,8.626989486143758,0.0,0,0,158,158
inputareacodechange,25000,154,0.616,0,0.0,0,0.0,24846,-0.612,-0.612,1.326871813310975,1.326871813310975,0.0,0,0,154,154
phoneedaageoldestrecord,25000,5159,20.636,0,0.0,5005,20.02,19841,111.22504,111.43888,106.15352551064359,106.28790229010862,-0.13437677946502902,0,0,154,154
phoneedaagenewestrecord,25000,4547,18.188,8,0.032,4385,17.54,20453,58.8256,58.98084,75.27271168990625,75.39873654686642,-0.1260248569601714,0,0,154,154
phoneotherageoldestrecord,25000,213,0.852,2,0.008,57,0.228,24787,104.49108,104.49804,83.02342719923584,83.02296494388294,0.0004622553529003426,0,0,154,154
phoneotheragenewestrecord,25000,169,0.676,2,0.008,13,0.052,24831,37.0172,37.0138,48.95888256373475,48.954550542820535,0.0043320209142123645,0,0,154,154
inputphonehighrisk,25000,158,0.632,0,0.0,4,0.016,24842,0.31548,0.31564,7.173326932421073,7.175767438107057,-0.0024405056859837515,0,0,154,154
inputphoneproblems,25000,155,0.62,0,0.0,1,0.004,24845,0.32948,0.32952,4.411939960837995,4.411941506824311,-1.5459863158540088e-06,0,0,154,154
onlinedirectory,25000,491,1.964,320,1.28,17,0.068,24509,0.87476,0.86264,0.9497585373372047,0.9545708258924053,-0.00481228855520055,0,0,154,154
inputaddrsiccode,25000,155,0.62,1,0.004,0,0.0,24845,212.05592,212.05588,1247.4443704790194,1247.444377262678,-6.78365859130281e-06,0,0,154,154
inputaddrvalidation,25000,24787,99.148,1,0.004,0,0.0,213,2.74928,2.74924,137.5331288819901,137.5331295361685,-6.541783932334511e-07,0,0,24786,24786
inputaddrerrorcode,25000,326,1.304,0,0.0,0,0.0,24674,13.237919999995585,13.237919999995585,44.33492051572148,44.33492051572148,0.0,0,0,326,326
inputaddrhighrisk,25000,185,0.74,0,0.0,0,0.0,24815,0.2299960000000004,0.2299960000000004,17.183161117607693,17.183161117607693,0.0,0,0,185,185
curraddrcorrectional,25000,280,1.12,36,0.144,79,0.316,24720,-0.01736399999999999,-0.01564399999999999,0.5235961244583385,0.521854992989232,0.0017411314691064828,0,0,165,165
prevaddrcorrectional,25000,279,1.116,36,0.144,89,0.356,24721,-0.04867600000000001,-0.04655600000000001,0.3679082111202511,0.36551721990858893,0.0023909912116621967,0,0,154,154
historicaladdrcorrectional,25000,155,0.62,1,0.004,0,0.0,24845,-0.00732,-0.00736,0.1747743903792428,0.17488711196779472,-0.00011272158855191172,0,0,154,154
inputaddrproblems,25000,154,0.616,0,0.0,0,0.0,24846,0.08752,0.08752,0.4940172725093683,0.4940172725093683,0.0,0,0,154,154
donotmail,25000,0,0.0,0,0.0,0,0.0,25000,0.00652,0.00652,0.08483801977884078,0.08483801977884078,0.0,0,0,0,0
identityrisklevel,25000,213,0.852,32,0.128,27,0.108,24787,1.46384,1.46376,1.7519739258102491,1.7535241233353445,-0.0015501975250953315,0,0,154,154
idverrisklevel,25000,372,1.488,69,0.276,149,0.596,24628,3.04072,3.04444,1.937551717088049,1.9357902003034455,0.0017615167846034563,0,0,154,154
idveraddressassoccount,25000,162,0.648,3,0.012,5,0.02,24838,1.33124,1.33164,1.628018215741103,1.6286737913974172,-0.0006555756563142445,0,0,154,154
idverssncreditbureaucount,25000,187,0.748,11,0.044,22,0.088,24813,2.72628,2.72668,0.8512887461650022,0.8511354212739483,0.00015332489105390756,0,0,154,154
idverssncreditbureaudelete,25000,175,0.7,12,0.048,9,0.036,24825,-0.0364,-0.03648,0.3801406032594257,0.3804484909241201,-0.0003078876646943618,0,0,154,154
sourcerisklevel,25000,162,0.648,3,0.012,5,0.02,24838,4.50796,4.50768,1.8879499319877653,1.8883959868874451,-0.0004460548996798597,0,0,154,154
sourcewatchlist,25000,158,0.632,2,0.008,2,0.008,24842,0.05072,0.05072,0.3367664396680217,0.3367664396680218,-5.551115123125783e-17,0,0,154,154
sourceorderactivity,25000,154,0.616,0,0.0,0,0.0,24846,0.0044,0.0044,0.13046271782546587,0.13046271782546587,0.0,0,0,154,154
sourceordersourcecount,25000,154,0.616,0,0.0,0,0.0,24846,0.00108,0.00108,0.05402616417047168,0.05402616417047168,0.0,0,0,154,154
sourceorderagelastorder,25000,154,0.616,0,0.0,0,0.0,24846,-0.98524,-0.98524,0.09296581951011858,0.09296581951011858,0.0,0,0,154,154
variationrisklevel,25000,2482,9.928,1428,5.712,900,3.6,22518,2.1948,2.16672,2.009790868283025,2.004564616627238,0.005226251655786829,0,0,154,154
variationidentitycount,25000,212,0.848,49,0.196,9,0.036,24788,1.03524,1.03316,0.4092387270983034,0.40212303360668655,0.007115693491616837,0,0,154,154
variationmsourcesssncount,25000,346,1.384,63,0.252,129,0.516,24654,1.22768,1.23024,0.7089693059622747,0.7108528365256969,-0.0018835305634221644,0,0,154,154
variationmsourcesssnunrelcount,25000,338,1.352,59,0.236,125,0.5,24662,1.19984,1.2024,0.703417329671447,0.7049062057338623,-0.001488876062415323,0,0,154,154
variationdobcount,25000,193,0.772,14,0.056,25,0.1,24807,1.5038,1.50404,0.8505852379683249,0.8509602946375531,-0.0003750566692282131,0,0,154,154
variationdobcountnew,25000,526,2.104,27,0.108,345,1.38,24474,0.14104,0.15376,0.3753201059699517,0.3885320119955224,-0.013211906025570708,0,0,154,154
searchvelocityrisklevel,25000,2469,9.876,1668,6.672,647,2.588,22531,6.02668,5.99468,1.8829953816125418,1.869636094852226,0.013359286760315836,0,0,154,154
searchunverifiedssncountyear,25000,1025,4.1,641,2.564,230,0.92,23975,0.45044,0.43352,0.820764257169737,0.8113549503437728,0.009409306825964192,0,0,154,154
searchunverifiedaddrcountyear,25000,961,3.844,583,2.332,224,0.896,24039,0.25164,0.23676,0.6791224062215693,0.6626432290698873,0.016479177151682012,0,0,154,154
searchunverifieddobcountyear,25000,421,1.684,151,0.604,116,0.464,24579,0.1558,0.15464,0.4637422068105842,0.4634849408314705,0.00025726597911368554,0,0,154,154
searchunverifiedphonecountyear,25000,1901,7.604,1271,5.084,476,1.904,23099,0.83292,0.79856,1.117394620680285,1.09296340319574,0.02443121748454491,0,0,154,154
assocrisklevel,25000,1100,4.4,411,1.644,535,2.14,23900,2.97904,2.98476,2.549684814595381,2.5552245373309703,-0.005539722735589336,0,0,154,154
assocsuspicousidentitiescount,25000,1416,5.664,543,2.172,719,2.876,23584,2.3386,2.34688,2.6636855468028346,2.6696017448762537,-0.005916198073419032,0,0,154,154
assoccreditbureauonlycount,25000,188,0.752,11,0.044,23,0.092,24812,0.31424,0.31476,0.6948992317234958,0.6957284906124676,-0.0008292588889717845,0,0,154,154
assoccreditbureauonlycountnew,25000,235,0.94,71,0.284,10,0.04,24765,0.02012,0.0176,0.1836101629629679,0.17531142787419174,0.008298735088776155,0,0,154,154
assoccreditbureauonlycountmonth,25000,174,0.696,14,0.056,6,0.024,24826,0.00192,0.0016,0.09119369984692663,0.08530837996217805,0.00588531988474858,0,0,154,154
assochighrisktopologycount,25000,177,0.708,6,0.024,17,0.068,24823,0.6924,0.69316,1.4269229224446836,1.428109442094013,-0.001186519649329476,0,0,154,154
validationrisklevel,25000,156,0.624,0,0.0,2,0.008,24844,1.16604,1.16628,0.7722274786778582,0.7726419478808806,-0.0004144692030223496,0,0,154,154
correlationrisklevel,25000,241,0.964,79,0.316,8,0.032,24759,6.43376,6.42904,2.094581040002336,2.0948518867779806,-0.0002708467756447064,0,0,154,154
divrisklevel,25000,1461,5.844,780,3.12,527,2.108,23539,1.74744,1.73604,1.7768859275793278,1.7733373146780267,0.0035486129013011514,0,0,154,154
divssnidentitymsourcecount,25000,668,2.672,57,0.228,457,1.828,24332,9.94812,9.97408,45.35518452726978,45.4535751851523,-0.09839065788252555,0,0,154,154
divssnidentitymsourceurelcount,25000,242,0.968,10,0.04,78,0.312,24758,1.0846,1.0878,2.4537881896962466,2.4631473849310708,-0.009359195234824202,0,0,154,154
divssnlnamecountnew,25000,262,1.048,9,0.036,99,0.396,24738,0.03252,0.0368,2.2690297342891577,2.2937518531629535,-0.02472211887379583,0,0,154,154
divssnaddrmsourcecount,25000,1299,5.196,44,0.176,1101,4.404,23701,14.85816,14.9238,26.83974756803676,27.07275069643157,-0.23300312839480952,0,0,154,154
divaddridentitycount,25000,161,0.644,0,0.0,7,0.028,24839,20.70764,20.70792,21.417984930602103,21.41841922759704,-0.00043429699493913176,0,0,154,154
divaddridentitycountnew,25000,157,0.628,0,0.0,3,0.012,24843,0.7628,0.76304,3.0579064535632328,3.067407005068559,-0.00950055150532636,0,0,154,154
divaddridentitymsourcecount,25000,155,0.62,0,0.0,1,0.004,24845,15.67448,15.67452,15.138582182564523,15.138573794775386,8.387789137032087e-06,0,0,154,154
divaddrsuspidentitycountnew,25000,229,0.916,53,0.212,22,0.088,24771,0.26264,0.26152,1.96843981747455,1.9678169703047181,0.0006228471698319638,0,0,154,154
divaddrssncount,25000,154,0.616,0,0.0,0,0.0,24846,16.19192,16.19192,16.636355025971504,16.636355025971504,0.0,0,0,154,154
divaddrssncountnew,25000,154,0.616,0,0.0,0,0.0,24846,0.37676,0.37676,2.1179087567975237,2.1179087567975237,0.0,0,0,154,154
divaddrssnmsourcecount,25000,154,0.616,0,0.0,0,0.0,24846,12.74696,12.74696,12.301542310811454,12.301542310811454,0.0,0,0,154,154
divsearchaddrsuspidentitycount,25000,1395,5.58,721,2.884,520,2.08,23605,0.41016,0.40224,1.7640216750515032,1.7564137907826578,0.0076078842688454,0,0,154,154
searchcomponentrisklevel,25000,4099,16.396,1744,6.976,2201,8.804,20901,1.69904,1.76192,1.9435330660846393,2.023178071392728,-0.0796450053080886,0,0,154,154
searchssnsearchcount,25000,1856,7.424,244,0.976,1458,5.832,23144,13.74564,13.8328,19.070769634634612,19.210811395995233,-0.14004176136062085,0,0,154,154
searchaddrsearchcount,25000,3205,12.82,837,3.348,2214,8.856,21795,20.51704,20.6006,24.873557530586442,25.022248829843303,-0.14869129925686053,0,0,154,154
searchphonesearchcount,25000,635,2.54,9,0.036,472,1.888,24365,5.70008,5.73412,9.976780240921556,10.054744279654406,-0.07796403873284952,0,0,154,154
componentcharrisklevel,25000,1012,4.048,494,1.976,364,1.456,23988,4.14784,4.14372,1.5474634542178005,1.5476114963839231,-0.00014804216612263055,0,0,154,154
errorcode,25000,24796,99.184,6,0.024,4,0.016,204,0.0362,0.03612,0.6051035757342709,0.6166328967598145,-0.011529321025543604,0,0,24786,24786
historydate,25000,172,0.688,0,0.0,0,0.0,24828,991439.01496,991439.01496,41520.97845571866,41520.97845571866,0.0,0,0,172,172
did,25000,45,0.18,6,0.024,8,0.032,24955,43780965394.09204,43767009922.72112,69693697288.06337,69684478447.37263,9218840.690734863,0,0,31,31
fnamepop,25000,11,0.044,0,0.0,0,0.0,24989,122756300.73568,122756300.73568,3966705277.286096,3966705277.286096,0.0,0,0,11,11
lnamepop,25000,0,0.0,0,0.0,0,0.0,25000,32450768.83504,32450768.83504,2396120602.087196,2396120602.087196,0.0,0,0,0,0
addrpop,25000,0,0.0,0,0.0,0,0.0,25000,429336.26092,429336.26092,26524001.00102895,26524001.00102895,0.0,0,0,0,0
ssnlength,25000,0,0.0,0,0.0,0,0.0,25000,7.03844,7.03844,3.640692566860292,3.640692566860292,0.0,0,0,0,0
dobpop,25000,0,0.0,0,0.0,0,0.0,25000,0.85876,0.85876,0.7521776800728571,0.7521776800728571,0.0,0,0,0,0
emailpop,25000,0,0.0,0,0.0,0,0.0,25000,0.01656,0.01656,0.3035222667285254,0.3035222667285254,0.0,0,0,0,0
ipaddrpop,25000,0,0.0,0,0.0,0,0.0,25000,0.00488,0.00488,0.1847598051525599,0.1847598051525599,0.0,0,0,0,0
hphnpop,25000,0,0.0,0,0.0,0,0.0,25000,0.84756,0.84756,0.3594468617195635,0.3594468617195635,0.0,0,0,0,0
